--Customer Data--
INSERT INTO CUSTOMER (CREATED_BY, ID, STATUS, CREATED_DATE, EMAIL, MOBILE, NAME) VALUES (1, 100, TRUE, '2024-12-01 11:00:00', 'johndon@gmail.com', '5123456789', 'John Don');
INSERT INTO CUSTOMER (CREATED_BY, ID, STATUS, CREATED_DATE, EMAIL, MOBILE, NAME) VALUES (1, 101, TRUE, '2024-12-08 15:00:00', 'lisacarter@gmail.com', '5128826766', 'Lisa Carter');
INSERT INTO CUSTOMER (CREATED_BY, ID, STATUS, CREATED_DATE, EMAIL, MOBILE, NAME) VALUES (1, 102, TRUE, '2025-01-01 17:30:00', 'martinbaker@gmail.com', '5983423549', 'Martin Baker');
INSERT INTO CUSTOMER (CREATED_BY, ID, STATUS, CREATED_DATE, EMAIL, MOBILE, NAME) VALUES (1, 103, TRUE, '2024-12-15 13:00:00', 'rachelrick@gmail.com', '5123439789', 'Rachel Rick');

--Customer Transaction Data--
INSERT INTO CUSTOMER_TRANSACTION (ID, AMOUNT, CUSTOMER_ID, DATE, SPENT_DETAILS) VALUES(1, 120.0, 101, DATE '2024-12-14', 'ORD_01_090225');        
INSERT INTO CUSTOMER_TRANSACTION (ID, AMOUNT, CUSTOMER_ID, DATE, SPENT_DETAILS) VALUES(2, 48.0, 101, DATE '2024-12-16', 'ORD_02_090225');         
INSERT INTO CUSTOMER_TRANSACTION (ID, AMOUNT, CUSTOMER_ID, DATE, SPENT_DETAILS) VALUES(3, 1147.0, 101, DATE '2024-12-25', 'ORD_03_090225');       
INSERT INTO CUSTOMER_TRANSACTION (ID, AMOUNT, CUSTOMER_ID, DATE, SPENT_DETAILS) VALUES(4, 530.0, 101, DATE '2025-01-16', 'ORD_04_090225');        
INSERT INTO CUSTOMER_TRANSACTION (ID, AMOUNT, CUSTOMER_ID, DATE, SPENT_DETAILS) VALUES(5, 87.0, 101, DATE '2025-01-26', 'ORD_05_090225');         
INSERT INTO CUSTOMER_TRANSACTION (ID, AMOUNT, CUSTOMER_ID, DATE, SPENT_DETAILS) VALUES(6, 140.0, 102, DATE '2024-12-11', 'ORD_01_090225');        
INSERT INTO CUSTOMER_TRANSACTION (ID, AMOUNT, CUSTOMER_ID, DATE, SPENT_DETAILS) VALUES(7, 30.0, 102, DATE '2024-12-18', 'ORD_02_090225');         
INSERT INTO CUSTOMER_TRANSACTION (ID, AMOUNT, CUSTOMER_ID, DATE, SPENT_DETAILS) VALUES(8, 1500.0, 102, DATE '2024-12-25', 'ORD_03_090225');       
INSERT INTO CUSTOMER_TRANSACTION (ID, AMOUNT, CUSTOMER_ID, DATE, SPENT_DETAILS) VALUES(9, 223.0, 102, DATE '2025-01-04', 'ORD_04_090225');        
INSERT INTO CUSTOMER_TRANSACTION (ID, AMOUNT, CUSTOMER_ID, DATE, SPENT_DETAILS) VALUES(10, 43.0, 102, DATE '2025-01-18', 'ORD_05_090225'); 

--Reward Points Data--
INSERT INTO REWARD_POINTS (ID, CUSTOMER_ID, POINTS, REWARD_MONTH, REWARD_YEAR) VALUES(1, 101, 90, 12, 2024);            
INSERT INTO REWARD_POINTS (ID, CUSTOMER_ID, POINTS, REWARD_MONTH, REWARD_YEAR) VALUES(2, 101, 0, 12, 2024);             
INSERT INTO REWARD_POINTS (ID, CUSTOMER_ID, POINTS, REWARD_MONTH, REWARD_YEAR) VALUES(3, 101, 2144, 12, 2024);          
INSERT INTO REWARD_POINTS (ID, CUSTOMER_ID, POINTS, REWARD_MONTH, REWARD_YEAR) VALUES(4, 101, 910, 1, 2025);            
INSERT INTO REWARD_POINTS (ID, CUSTOMER_ID, POINTS, REWARD_MONTH, REWARD_YEAR) VALUES(5, 101, 37, 1, 2025);             
INSERT INTO REWARD_POINTS (ID, CUSTOMER_ID, POINTS, REWARD_MONTH, REWARD_YEAR) VALUES(6, 102, 130, 12, 2024);           
INSERT INTO REWARD_POINTS (ID, CUSTOMER_ID, POINTS, REWARD_MONTH, REWARD_YEAR) VALUES(7, 102, 0, 12, 2024);             
INSERT INTO REWARD_POINTS (ID, CUSTOMER_ID, POINTS, REWARD_MONTH, REWARD_YEAR) VALUES(8, 102, 2850, 12, 2024);          
INSERT INTO REWARD_POINTS (ID, CUSTOMER_ID, POINTS, REWARD_MONTH, REWARD_YEAR) VALUES(9, 102, 296, 1, 2025);            
INSERT INTO REWARD_POINTS (ID, CUSTOMER_ID, POINTS, REWARD_MONTH, REWARD_YEAR) VALUES(10, 102, 0, 1, 2025); 

